{"mean": [3.183098591549296, 6.049577464788731, -200.55352112676061, 1.5352112676056338, 3.4469014084507035, 257.3460563380282], "scale": [4.473111716344611, 8.778934202792327, 429.5717406614704, 4.151466687761249, 3.725862634419229, 603.0751359688809], "classes": ["\u4e25\u91cd\u98ce\u9669", "\u4e2d\u5ea6\u98ce\u9669", "\u8f7b\u5ea6\u98ce\u9669"]}