{"mean": [4.411764705882353, -0.5171568627450981, -186.29980392156864, 4.176470588235294, 0.893235294117647, 259.88098039215686], "scale": [3.716294119664423, 1.4346251320507828, 405.45094783458273, 2.36565194225187, 1.1786307374342966, 384.6991247065936], "classes": ["\u4e25\u91cd", "\u4e2d\u5ea6", "\u8f7b\u5ea6"]}